{"append_latency_observed":false,"append_latency_p95_micros":null,"append_latency_sample_count_delta":0,"append_latency_unavailable_reason":"zero_histogram_delta","commands_failed":13180,"commands_rejected":0,"commands_submitted":13180,"commands_succeeded":0,"concurrency":16,"core_count":24,"cpu_brand":"Intel(R) Xeon(R) CPU           X5690  @ 3.47GHz","cpu_usage_samples":[3.5056560039520264,25.654104232788086,20.1533145904541,22.007478713989258,28.12007713317871,19.409143447875977,25.15911865234375,18.82474136352539,17.660558700561523,26.664947509765625,16.889955520629883,23.841346740722656,21.744356155395508,35.89095687866211,31.173933029174805,18.70245933532715,22.199159622192383,21.181623458862305,15.862017631530762,25.33226776123047,18.39381217956543,22.03887939453125,20.053442001342773,17.1875,28.560895919799805,20.44444465637207,22.87017059326172,21.741127014160156,17.653684616088867,24.719968795776367,18.552560806274414,20.79401206970215,22.75935935974121,17.590673446655273,25.834938049316406,17.815706253051758,20.091787338256836,21.51563262939453,17.732210159301758,25.709936141967773,18.01509666442871,19.7506046295166,23.50694465637207,17.05042266845703,24.46100425720215,16.832124710083008,20.128042221069336,22.9936580657959,28.28736686706543,39.51514434814453,18.77596664428711,17.158655166625977,24.21019172668457,22.378435134887695,24.215559005737305,19.301189422607422,16.089975357055664,25.262054443359375,17.370471954345703,24.008453369140625,23.54450035095215,19.432924270629883,25.575319290161133,17.53465461730957,23.82896614074707,21.09562110900879,20.021413803100586,24.238759994506836,18.5578556060791,21.28989601135254,22.035255432128906,20.092042922973633,27.10258674621582,17.925424575805664,22.2552490234375,21.502044677734375,16.707426071166992,26.172704696655273,18.6718692779541,22.332611083984375,25.079988479614258],"cpu_utilization_percent":25.079988479614258,"deadline_policy":"stop-new-requests-then-drain-in-flight","drain_timeout_seconds":5,"failure_kind_counts":{"domain":13180},"host_arch":"x86_64","host_os":"macos","hot_set_size":null,"ingress_capacity":128,"ingress_depth_estimated_max":null,"ingress_depth_max":1,"max_micros":37023,"measurement_seconds":20,"metrics_sample_count":81,"metrics_scrape_failures":0,"metrics_scrape_successes":81,"outbox_lag":0,"p50_micros":24063,"p95_micros":25439,"p99_micros":28367,"profile_name":"hot-key","projection_lag":0,"reject_rate":0.0,"ring_size":256,"ring_wait_p95_micros":0,"run_duration_seconds":20.024503295,"sample_failures":[{"api_error_code":"domain","kind":"domain","message":"order is already placed","status_code":400},{"api_error_code":"domain","kind":"domain","message":"order is already placed","status_code":400},{"api_error_code":"domain","kind":"domain","message":"order is already placed","status_code":400},{"api_error_code":"domain","kind":"domain","message":"order is already placed","status_code":400},{"api_error_code":"domain","kind":"domain","message":"order is already placed","status_code":400}],"scenario":"external-process-http","shard_count":8,"shard_depth_max":0,"throughput_per_second":0.0,"warmup_seconds":3,"workload_purpose":"repeat-stream-diagnostic","workload_shape":"single-hot-key"}
