{"append_latency_p95_micros":0,"commands_failed":13639,"commands_rejected":0,"commands_submitted":13639,"commands_succeeded":0,"concurrency":16,"core_count":24,"cpu_brand":"Intel(R) Xeon(R) CPU           X5690  @ 3.47GHz","cpu_usage_samples":[3.4439661502838135,19.01545524597168,17.993057250976562,16.60771942138672,16.60416603088379,16.708633422851562,18.083566665649414,16.763492584228516,17.056554794311523,17.678720474243164,17.081220626831055,17.002578735351562,19.256620407104492,19.5625,18.013565063476562,17.47222328186035,19.87047004699707,22.005691528320312,17.540157318115234,16.6868953704834,17.30555534362793,16.555253982543945,17.801816940307617,16.996538162231445,16.610206604003906,18.706405639648438,18.469947814941406,16.973127365112305,16.325483322143555,17.410118103027344,21.13747215270996,19.24922752380371,16.834842681884766,18.72429084777832,18.709774017333984,16.676189422607422,16.98158073425293,17.348430633544922,26.92142677307129,27.553953170776367,16.45970344543457,16.16880226135254,19.062129974365234,16.598291397094727,16.40277671813965,16.44521141052246,17.585378646850586,16.993637084960938,18.321767807006836,16.88194465637207,18.526779174804688,16.701250076293945,16.995471954345703,20.805438995361328,17.415760040283203,21.813079833984375,18.724266052246094,16.513446807861328,20.34136962890625,16.48841094970703,16.677976608276367,16.21544075012207,17.85630226135254,17.283212661743164,17.012006759643555,16.19112205505371,17.40277862548828,17.876300811767578,17.114152908325195,18.114782333374023,18.03525733947754,17.526708602905273,16.811594009399414,17.20138931274414,17.838441848754883,16.6663875579834,16.544382095336914,21.97222328186035,21.50728416442871,20.47101402282715,16.86111068725586],"cpu_utilization_percent":16.86111068725586,"deadline_policy":"stop-new-requests-then-drain-in-flight","drain_timeout_seconds":5,"host_arch":"x86_64","host_os":"macos","hot_set_size":null,"ingress_depth_estimated_max":null,"ingress_depth_max":1,"max_micros":31071,"measurement_seconds":20,"metrics_sample_count":81,"metrics_scrape_failures":0,"metrics_scrape_successes":81,"outbox_lag":0,"p50_micros":23327,"p95_micros":24351,"p99_micros":25247,"profile_name":"hot-key","projection_lag":0,"reject_rate":0.0,"ring_wait_p95_micros":0,"run_duration_seconds":20.023109734,"scenario":"external-process-http","shard_depth_max":0,"throughput_per_second":0.0,"warmup_seconds":3,"workload_purpose":"repeat-stream-diagnostic","workload_shape":"single-hot-key"}
