{
  "append_latency_p95_micros": 0,
  "commands_failed": 0,
  "commands_rejected": 0,
  "commands_submitted": 13294,
  "commands_succeeded": 13294,
  "concurrency": 8,
  "core_count": 24,
  "cpu_brand": "Intel(R) Xeon(R) CPU           X5690  @ 3.47GHz",
  "cpu_usage_samples": [
    3.438525915145874,
    40.81398391723633,
    36.680580139160156,
    34.54220199584961,
    35.458866119384766,
    33.077083587646484,
    43.72847366333008,
    33.92112731933594,
    35.582427978515625,
    35.72623825073242,
    33.37244415283203,
    34.07084274291992,
    35.3037109375,
    36.427024841308594,
    35.16206741333008,
    33.171661376953125,
    38.12202453613281,
    56.42330551147461,
    56.76035690307617,
    49.1207275390625,
    42.7302360534668,
    37.07534408569336,
    36.47365951538086,
    37.46671676635742,
    36.23569107055664,
    36.62592697143555,
    36.839073181152344,
    37.63261795043945,
    37.65837478637695,
    34.90531539916992,
    36.23130416870117,
    35.02499008178711,
    36.40384292602539,
    38.016048431396484,
    34.5498161315918,
    34.588382720947266,
    36.516231536865234,
    35.17987823486328,
    33.016021728515625,
    34.685550689697266,
    41.85074996948242,
    36.268802642822266,
    37.21892166137695,
    34.92686462402344,
    36.69511413574219,
    35.46308898925781,
    35.236366271972656,
    34.22275161743164,
    37.23694610595703,
    36.343318939208984,
    36.2382698059082,
    31.87476921081543,
    33.04861068725586,
    40.46946334838867,
    36.546146392822266,
    34.176048278808594,
    36.94527816772461,
    35.98862075805664,
    36.84218215942383,
    32.244422912597656,
    33.9015007019043,
    36.61436080932617,
    38.99442672729492,
    39.39091110229492,
    35.28186798095703,
    36.03435134887695,
    35.85477066040039,
    36.36872482299805,
    37.37657928466797,
    34.35259246826172,
    37.030216217041016,
    39.34209060668945,
    35.29205322265625,
    37.3765983581543,
    33.25589370727539,
    37.3759765625,
    35.52143478393555,
    33.659420013427734,
    37.94636917114258,
    35.69625473022461,
    38.19167709350586,
    33.4675178527832,
    34.22245407104492,
    40.00985336303711,
    48.55753707885742,
    36.628623962402344,
    37.177955627441406,
    40.798336029052734,
    36.81491470336914,
    37.60662078857422,
    36.8657341003418,
    38.9730110168457,
    34.23660659790039,
    38.01140213012695,
    38.007572174072266,
    38.69309616088867,
    40.53730392456055,
    52.164920806884766,
    43.37875747680664,
    41.00032424926758,
    38.744686126708984,
    38.473289489746094,
    43.03975296020508,
    37.79591751098633,
    34.11429214477539,
    37.272342681884766,
    37.93722152709961,
    37.198020935058594,
    33.389957427978516,
    36.236202239990234,
    38.03467559814453,
    34.66615676879883,
    36.23506546020508,
    39.25908279418945,
    35.31523895263672,
    40.290016174316406,
    37.112945556640625,
    42.71718215942383,
    41.543006896972656,
    37.241703033447266,
    35.36248016357422
  ],
  "cpu_utilization_percent": 35.36248016357422,
  "deadline_policy": "stop-new-requests-then-drain-in-flight",
  "drain_timeout_seconds": 5,
  "host_arch": "x86_64",
  "host_os": "macos",
  "hot_set_size": null,
  "ingress_depth_estimated_max": null,
  "ingress_depth_max": 2,
  "max_micros": 70975,
  "measurement_seconds": 30,
  "metrics_sample_count": 121,
  "metrics_scrape_failures": 0,
  "metrics_scrape_successes": 121,
  "outbox_lag": 0,
  "p50_micros": 13967,
  "p95_micros": 33567,
  "p99_micros": 47167,
  "profile_name": "baseline",
  "projection_lag": 0,
  "reject_rate": 0.0,
  "ring_wait_p95_micros": 0,
  "run_duration_seconds": 30.027474193,
  "scenario": "external-process-http",
  "shard_depth_max": 0,
  "throughput_per_second": 442.72788029234556,
  "warmup_seconds": 5,
  "workload_purpose": "success-throughput",
  "workload_shape": "unique"
}
