{"append_latency_p95_micros":null,"commands_failed":13586,"commands_rejected":0,"commands_submitted":13586,"commands_succeeded":0,"concurrency":16,"core_count":24,"cpu_brand":"Intel(R) Xeon(R) CPU           X5690  @ 3.47GHz","cpu_usage_samples":[3.406888246536255,16.26177406311035,16.967252731323242,17.2442626953125,17.093854904174805,16.837141036987305,22.306997299194336,18.280078887939453,16.89365005493164,17.10820770263672,16.28774070739746,17.58574867248535,17.4957275390625,17.603517532348633,17.7678165435791,18.705196380615234,24.79974937438965,35.088722229003906,27.178955078125,26.35416603088379,17.95624351501465,21.111413955688477,19.978261947631836,17.0056209564209,18.25,16.716787338256836,16.640562057495117,17.03488540649414,18.85957908630371,22.869462966918945,18.007131576538086,16.46527862548828,17.88888931274414,16.723894119262695,17.765283584594727,16.19202995300293,19.891931533813477,16.9948673248291,17.111112594604492,17.74547004699707,18.140119552612305,25.25113868713379,31.70396614074707,21.57427406311035,22.256528854370117,17.097524642944336,16.700321197509766,16.511194229125977,17.494565963745117,17.3125,17.494565963745117,17.322649002075195,16.73822593688965,17.259754180908203,18.111413955688477,17.21687889099121,17.687803268432617,16.695302963256836,17.4375,19.40398597717285,17.082427978515625,17.182157516479492,16.90277862548828,16.745935440063477,17.334842681884766,16.72222137451172,16.465579986572266,16.888216018676758,17.298843383789062,17.259614944458008,48.96922302246094,45.815032958984375,27.460912704467773,17.646926879882812,21.489593505859375,21.956029891967773,17.438962936401367,17.329547882080078,17.10356330871582,19.353586196899414,17.14009666442871],"cpu_utilization_percent":17.14009666442871,"deadline_policy":"stop-new-requests-then-drain-in-flight","drain_timeout_seconds":5,"host_arch":"x86_64","host_os":"macos","hot_set_size":null,"ingress_depth_estimated_max":16,"ingress_depth_max":null,"max_micros":45503,"measurement_seconds":20,"metrics_sample_count":81,"metrics_scrape_failures":81,"metrics_scrape_successes":0,"outbox_lag":null,"p50_micros":23199,"p95_micros":24623,"p99_micros":32959,"profile_name":"hot-key","projection_lag":null,"reject_rate":0.0,"ring_wait_p95_micros":null,"run_duration_seconds":20.050591351,"scenario":"external-process-http","shard_depth_max":null,"throughput_per_second":0.0,"warmup_seconds":3,"workload_purpose":"repeat-stream-diagnostic","workload_shape":"single-hot-key"}
