{"append_latency_p95_micros":null,"commands_failed":0,"commands_rejected":0,"commands_submitted":3200,"commands_succeeded":3200,"concurrency":8,"core_count":24,"cpu_brand":"Intel(R) Xeon(R) CPU           X5690  @ 3.47GHz","cpu_usage_samples":[3.4059810638427734,13.062430381774902,10.72705364227295,11.419569969177246,14.417967796325684,10.610507011413574,12.061200141906738,11.176167488098145,11.778010368347168,12.13354778289795,12.571581840515137,11.803836822509766,11.932693481445312,10.595712661743164,11.979166984558105,11.246142387390137,12.417434692382812,14.56036376953125,20.537208557128906,16.4908504486084,12.37160873413086,11.737435340881348,11.527777671813965,11.489130973815918,13.698440551757812,18.28242301940918,26.23664665222168,15.805556297302246,19.42551612854004,18.755342483520508,11.497886657714844,11.847384452819824,29.56944465637207,10.606744766235352,11.364850044250488,11.805556297302246,12.042363166809082,11.216045379638672,11.429672241210938,11.906867027282715,12.182158470153809,11.315821647644043,11.887284278869629,10.643115997314453,22.48420524597168,15.873931884765625,11.082125663757324,11.253738403320312,12.06914234161377,11.333334922790527,11.131945610046387,11.95108699798584,11.563126564025879,11.09631633758545,11.30344295501709,10.749558448791504,13.575322151184082,11.366546630859375,11.639423370361328,11.851494789123535,14.016861915588379,15.45138931274414,16.81944465637207,18.048843383789062,13.302351951599121,13.800212860107422,10.784721374511719,11.778682708740234,11.767093658447266,11.432692527770996,11.738410949707031,12.565170288085938,11.458333015441895,11.210712432861328,11.79863452911377,12.805973052978516,12.771251678466797,12.852097511291504,15.06582260131836,11.598128318786621,12.018138885498047,12.364317893981934,11.617149353027344,13.517977714538574,13.2454252243042,10.798611640930176,11.105002403259277,12.083333015441895,11.808991432189941,11.1489896774292,11.255900382995605,10.865920066833496,11.245750427246094,11.322486877441406,12.402778625488281,12.070511817932129,11.970410346984863,11.240941047668457,11.633013725280762,12.548843383789062,11.514957427978516,12.254783630371094,11.904380798339844,11.630900382995605,11.469202995300293,11.598292350769043,13.731303215026855,11.886961936950684,20.93162727355957,20.53183937072754,16.026708602905273,11.57395076751709,11.194443702697754,11.542736053466797,17.944978713989258,12.282586097717285,11.88858699798584,12.009615898132324,18.533212661743164,12.06319522857666,12.331452369689941],"cpu_utilization_percent":12.331452369689941,"deadline_policy":"stop-new-requests-then-drain-in-flight","drain_timeout_seconds":5,"host_arch":"x86_64","host_os":"macos","hot_set_size":null,"ingress_depth_estimated_max":8,"ingress_depth_max":null,"max_micros":87679,"measurement_seconds":30,"metrics_sample_count":121,"metrics_scrape_failures":121,"metrics_scrape_successes":0,"outbox_lag":null,"p50_micros":75263,"p95_micros":78975,"p99_micros":85055,"profile_name":"baseline","projection_lag":null,"reject_rate":0.0,"ring_wait_p95_micros":null,"run_duration_seconds":30.085046511,"scenario":"external-process-http","shard_depth_max":null,"throughput_per_second":106.3651338823752,"warmup_seconds":5,"workload_purpose":"success-throughput","workload_shape":"unique"}
