{"append_latency_observed":false,"append_latency_p95_micros":null,"append_latency_sample_count_delta":3203,"append_latency_unavailable_reason":"missing_histogram_count","commands_failed":0,"commands_rejected":0,"commands_submitted":3210,"commands_succeeded":3210,"concurrency":8,"core_count":24,"cpu_brand":"Intel(R) Xeon(R) CPU           X5690  @ 3.47GHz","cpu_usage_samples":[3.50466251373291,15.939637184143066,18.50984764099121,12.15247631072998,17.979700088500977,16.509824752807617,14.23520565032959,22.528221130371094,12.09903335571289,20.730072021484375,14.068492889404297,12.903925895690918,26.264123916625977,12.787394523620605,17.803674697875977,16.454105377197266,11.684295654296875,20.90528678894043,11.609879493713379,19.175840377807617,17.350194931030273,11.721317291259766,19.067842483520508,13.10042667388916,14.76388931274414,17.617685317993164,10.993056297302246,21.107114791870117,12.328362464904785,13.980420112609863,16.6766300201416,12.67221736907959,19.935361862182617,13.107906341552734,12.842090606689453,19.262727737426758,12.510566711425781,18.932100296020508,12.315655708312988,11.9996976852417,16.198949813842773,16.09580421447754,12.038460731506348,19.8338680267334,12.600799560546875,12.965277671813965,18.55341911315918,12.131644248962402,18.46527671813965,13.824275970458984,12.12576675415039,19.44776725769043,12.07580852508545,17.887380599975586,14.469922065734863,13.557669639587402,20.21260643005371,12.255433082580566,16.400856018066406,21.0213680267334,13.369819641113281,19.756689071655273,30.718528747558594,21.015188217163086,18.27968406677246,11.540924072265625,20.876510620117188,12.14432430267334,17.3082275390625,15.226471900939941,11.83175277709961,20.260149002075195,13.32104778289795,15.848662376403809,16.12379264831543,12.464905738830566,19.271995544433594,12.356837272644043,23.59229850769043,29.951387405395508,12.485671043395996,19.09329605102539,12.133174896240234,16.08584213256836,15.769230842590332,14.160140037536621,19.1311092376709,12.534071922302246,16.654844284057617,17.223291397094727,13.463372230529785,20.09257698059082,12.20043659210205,16.29863166809082,18.06370735168457,14.433760643005371,20.118589401245117,13.52747631072998,19.753206253051758,19.57004737854004,12.712605476379395,21.028844833374023,12.867754936218262,14.6246976852417,18.57518196105957,11.649131774902344,19.392627716064453,13.192818641662598,12.514351844787598,17.740942001342773,12.579089164733887,17.87855339050293,14.460238456726074,11.86120319366455,19.4228458404541,12.930508613586426,17.544336318969727,13.783745765686035,12.300979614257812,20.133546829223633,15.63217830657959],"cpu_utilization_percent":15.63217830657959,"deadline_policy":"stop-new-requests-then-drain-in-flight","drain_timeout_seconds":5,"failure_kind_counts":{},"host_arch":"x86_64","host_os":"macos","hot_set_size":null,"ingress_capacity":256,"ingress_depth_estimated_max":null,"ingress_depth_max":1,"max_micros":92351,"measurement_seconds":30,"metrics_sample_count":121,"metrics_scrape_failures":0,"metrics_scrape_successes":121,"outbox_lag":0,"p50_micros":75327,"p95_micros":78655,"p99_micros":83327,"profile_name":"baseline","projection_lag":0,"reject_rate":0.0,"ring_size":256,"ring_wait_p95_micros":0,"run_duration_seconds":30.064318613,"sample_failures":[],"scenario":"external-process-http","shard_count":1,"shard_depth_max":0,"throughput_per_second":106.77108772430238,"warmup_seconds":5,"workload_purpose":"success-throughput","workload_shape":"unique"}
