{"append_latency_p95_micros":null,"commands_failed":0,"commands_rejected":0,"commands_submitted":13367,"commands_succeeded":13367,"concurrency":8,"core_count":24,"cpu_brand":"Intel(R) Xeon(R) CPU           X5690  @ 3.47GHz","cpu_usage_samples":[3.406264066696167,55.932132720947266,49.054813385009766,37.917572021484375,39.36338424682617,34.91069412231445,35.98167419433594,35.72679138183594,38.055240631103516,36.04345703125,34.6438102722168,33.6839714050293,35.65082550048828,34.849891662597656,34.040157318115234,32.60238265991211,33.014583587646484,32.70419692993164,36.9010124206543,35.55293273925781,36.94414138793945,41.54057693481445,40.59408950805664,34.470130920410156,36.023807525634766,38.96943283081055,36.6232795715332,37.84127426147461,35.15066146850586,37.40618896484375,36.6009407043457,34.60221481323242,36.4472541809082,33.98845672607422,34.62198257446289,35.4043083190918,35.57081604003906,32.543033599853516,35.53581237792969,35.85573959350586,38.343997955322266,35.06326675415039,35.65760803222656,38.20073318481445,36.074066162109375,33.78978729248047,34.736366271972656,37.96590805053711,43.13502502441406,40.019859313964844,30.97758674621582,34.380340576171875,36.87428665161133,36.38496398925781,34.86362075805664,35.96067810058594,41.04122543334961,38.59843063354492,32.040016174316406,33.60529708862305,38.18977737426758,36.799705505371094,35.96091079711914,34.20259475708008,37.64139938354492,33.23566818237305,38.692840576171875,36.57712936401367,36.00706100463867,36.052467346191406,35.4292106628418,34.62820816040039,40.23961639404297,37.25053024291992,43.646392822265625,38.007179260253906,34.8208122253418,36.80420684814453,39.959774017333984,39.46689987182617,39.967281341552734,38.090579986572266,30.792036056518555,34.811458587646484,37.64448928833008,34.815982818603516,38.76630401611328,38.204593658447266,37.92082595825195,36.45817184448242,51.762935638427734,37.617984771728516,34.93531799316406,36.992435455322266,35.31393814086914,37.11582565307617,36.96943283081055,34.54658889770508,35.30525588989258,35.53322982788086,37.632965087890625,41.798336029052734,40.19778823852539,39.79008483886719,36.38075637817383,37.26140594482422,35.23762130737305,33.16531753540039,34.61663818359375,38.25355529785156,39.25423049926758,35.18268966674805,39.34801483154297,34.470272064208984,36.052467346191406,35.51193618774414,35.56614303588867,35.669498443603516,36.577293395996094,36.66037368774414,33.2549934387207],"cpu_utilization_percent":33.2549934387207,"deadline_policy":"stop-new-requests-then-drain-in-flight","drain_timeout_seconds":5,"host_arch":"x86_64","host_os":"macos","hot_set_size":null,"ingress_depth_estimated_max":8,"ingress_depth_max":null,"max_micros":73279,"measurement_seconds":30,"metrics_sample_count":121,"metrics_scrape_failures":121,"metrics_scrape_successes":0,"outbox_lag":null,"p50_micros":13807,"p95_micros":33279,"p99_micros":44959,"profile_name":"baseline","projection_lag":null,"reject_rate":0.0,"ring_wait_p95_micros":null,"run_duration_seconds":30.042953156,"scenario":"external-process-http","shard_depth_max":null,"throughput_per_second":444.9296289413021,"warmup_seconds":5,"workload_purpose":"success-throughput","workload_shape":"unique"}
