{
  "append_latency_p95_micros": 0,
  "commands_failed": 0,
  "commands_rejected": 0,
  "commands_submitted": 13415,
  "commands_succeeded": 13415,
  "concurrency": 8,
  "core_count": 24,
  "cpu_brand": "Intel(R) Xeon(R) CPU           X5690  @ 3.47GHz",
  "cpu_usage_samples": [
    3.4394032955169678,
    36.99251937866211,
    37.35329818725586,
    34.53632736206055,
    35.482418060302734,
    37.05850601196289,
    39.280982971191406,
    37.98046875,
    39.83899688720703,
    33.48736572265625,
    36.85063552856445,
    34.2823486328125,
    34.52970886230469,
    33.330013275146484,
    34.191585540771484,
    30.719528198242188,
    35.078433990478516,
    35.38536071777344,
    35.5560188293457,
    38.47735595703125,
    36.00959014892578,
    36.60281753540039,
    35.1297607421875,
    49.43222427368164,
    38.915645599365234,
    37.405426025390625,
    34.57125473022461,
    43.726802825927734,
    36.21852493286133,
    38.51103210449219,
    36.83493423461914,
    36.006038665771484,
    37.2878303527832,
    35.5917854309082,
    35.585914611816406,
    35.5040168762207,
    34.8069953918457,
    32.27740478515625,
    39.25230026245117,
    42.0980110168457,
    37.473594665527344,
    37.23469543457031,
    35.91840744018555,
    45.43880081176758,
    36.717552185058594,
    34.19876480102539,
    33.868038177490234,
    38.85728454589844,
    34.84281539916992,
    36.462764739990234,
    34.19100570678711,
    35.75331497192383,
    37.017574310302734,
    37.133846282958984,
    33.83295822143555,
    37.506248474121094,
    37.06099319458008,
    38.3047981262207,
    39.08846664428711,
    39.534278869628906,
    36.16727066040039,
    36.1619987487793,
    36.16230010986328,
    35.72828674316406,
    34.8457145690918,
    34.152408599853516,
    39.16752624511719,
    36.37244415283203,
    34.26435470581055,
    36.94456100463867,
    36.22830581665039,
    35.6600227355957,
    35.80692672729492,
    33.75724411010742,
    38.17330551147461,
    34.439937591552734,
    36.59562301635742,
    36.32051467895508,
    35.28887939453125,
    53.12966537475586,
    39.43318176269531,
    35.27907943725586,
    31.751440048217773,
    34.91521072387695,
    35.26738739013672,
    35.078433990478516,
    37.99740219116211,
    36.573299407958984,
    35.328895568847656,
    38.81372833251953,
    37.40324783325195,
    35.48711013793945,
    35.38187789916992,
    46.12139892578125,
    35.61164093017578,
    36.72480010986328,
    38.028541564941406,
    37.28435134887695,
    39.400203704833984,
    47.61378479003906,
    44.372005462646484,
    42.48550796508789,
    42.33331298828125,
    38.389957427978516,
    36.614288330078125,
    34.599361419677734,
    35.98023223876953,
    35.12074279785156,
    39.02394104003906,
    34.383243560791016,
    36.457008361816406,
    33.95954513549805,
    35.3279914855957,
    35.84926223754883,
    37.94124221801758,
    36.072418212890625,
    37.70549774169922,
    36.72758865356445,
    35.800052642822266,
    36.421382904052734,
    34.05782699584961
  ],
  "cpu_utilization_percent": 34.05782699584961,
  "deadline_policy": "stop-new-requests-then-drain-in-flight",
  "drain_timeout_seconds": 5,
  "host_arch": "x86_64",
  "host_os": "macos",
  "hot_set_size": null,
  "ingress_depth_estimated_max": null,
  "ingress_depth_max": 2,
  "max_micros": 69759,
  "measurement_seconds": 30,
  "metrics_sample_count": 121,
  "metrics_scrape_failures": 0,
  "metrics_scrape_successes": 121,
  "outbox_lag": 0,
  "p50_micros": 13647,
  "p95_micros": 33055,
  "p99_micros": 45183,
  "profile_name": "baseline",
  "projection_lag": 0,
  "reject_rate": 0.0,
  "ring_wait_p95_micros": 0,
  "run_duration_seconds": 30.037185911,
  "scenario": "external-process-http",
  "shard_depth_max": 0,
  "throughput_per_second": 446.6130761965706,
  "warmup_seconds": 5,
  "workload_purpose": "success-throughput",
  "workload_shape": "unique"
}
