{"append_latency_p95_micros":0,"commands_failed":0,"commands_rejected":0,"commands_submitted":13400,"commands_succeeded":13400,"concurrency":8,"core_count":24,"cpu_brand":"Intel(R) Xeon(R) CPU           X5690  @ 3.47GHz","cpu_usage_samples":[3.4424946308135986,38.087528228759766,35.11341094970703,35.33934783935547,35.22835159301758,39.51072692871094,37.161861419677734,35.70795822143555,36.132938385009766,34.14546203613281,36.67165756225586,36.344600677490234,34.70819091796875,35.875,36.23265075683594,31.055349349975586,46.89973831176758,46.77756881713867,40.774620056152344,40.515254974365234,35.221248626708984,38.54884719848633,35.40135955810547,39.0059928894043,36.448387145996094,38.59775924682617,34.890098571777344,37.24173355102539,35.478729248046875,38.48139953613281,35.38593673706055,36.24797821044922,37.77959060668945,42.05293273925781,32.90029525756836,35.2432861328125,35.59209060668945,36.78541564941406,41.62593078613281,39.562992095947266,37.18661880493164,36.9644660949707,35.95977020263672,37.75703430175781,35.37462615966797,35.15353775024414,35.42372512817383,39.303768157958984,37.196067810058594,34.57141876220703,32.87885665893555,34.714603424072266,38.69428253173828,37.53312301635742,35.14176940917969,36.38398742675781,36.41810607910156,36.55293273925781,32.725101470947266,34.55929183959961,36.88310241699219,38.022342681884766,35.534725189208984,34.64915466308594,36.50552749633789,38.9854621887207,36.36579895019531,36.5040168762207,34.23423385620117,35.803836822509766,34.90716552734375,35.803672790527344,36.18789291381836,33.57004928588867,37.7164421081543,37.4682502746582,37.16227340698242,43.92287063598633,48.8028564453125,38.14313888549805,34.244659423828125,35.5688362121582,30.237714767456055,35.454776763916016,37.446956634521484,36.227542877197266,37.19068145751953,35.50151062011719,35.74677276611328,38.847408294677734,36.54473876953125,35.536048889160156,36.31235885620117,35.93687057495117,35.87018966674805,36.42377471923828,37.02199172973633,37.309783935546875,42.78142166137695,38.751766204833984,42.3862190246582,40.937198638916016,43.96507263183594,44.91752624511719,40.82295608520508,35.761268615722656,36.98947525024414,34.37124252319336,36.10114669799805,36.488922119140625,34.68192672729492,34.74335861206055,35.99405288696289,36.22057342529297,37.59053421020508,36.151729583740234,34.55276870727539,35.6797981262207,36.59626388549805,40.96958541870117,34.09805679321289],"cpu_utilization_percent":34.09805679321289,"deadline_policy":"stop-new-requests-then-drain-in-flight","drain_timeout_seconds":5,"host_arch":"x86_64","host_os":"macos","hot_set_size":null,"ingress_depth_estimated_max":null,"ingress_depth_max":2,"max_micros":74815,"measurement_seconds":30,"metrics_sample_count":121,"metrics_scrape_failures":0,"metrics_scrape_successes":121,"outbox_lag":0,"p50_micros":13639,"p95_micros":33247,"p99_micros":45311,"profile_name":"baseline","projection_lag":0,"reject_rate":0.0,"ring_wait_p95_micros":0,"run_duration_seconds":30.020437269,"scenario":"external-process-http","shard_depth_max":0,"throughput_per_second":446.3625855922239,"warmup_seconds":5,"workload_purpose":"success-throughput","workload_shape":"unique"}
