{"append_latency_observed":false,"append_latency_p95_micros":null,"append_latency_sample_count_delta":12745,"append_latency_unavailable_reason":"missing_histogram_count","commands_failed":0,"commands_rejected":0,"commands_submitted":12752,"commands_succeeded":12752,"concurrency":8,"core_count":24,"cpu_brand":"Intel(R) Xeon(R) CPU           X5690  @ 3.47GHz","cpu_usage_samples":[3.5039870738983154,46.19498062133789,44.68994140625,45.8182373046875,38.3092041015625,40.438682556152344,43.02142333984375,38.96084213256836,38.90463638305664,38.80766677856445,35.81312942504883,43.08821105957031,35.006778717041016,38.73917007446289,38.68833923339844,38.8423957824707,47.11623764038086,31.90022087097168,37.10416793823242,42.98324966430664,36.93124771118164,47.64327621459961,40.59648132324219,39.24338150024414,43.22150802612305,34.42776870727539,45.78767013549805,37.95944595336914,37.15920639038086,44.80133056640625,35.09822082519531,47.58053207397461,42.90777587890625,39.674678802490234,47.47542190551758,37.42920684814453,39.97305679321289,38.42558670043945,34.971248626708984,42.31268310546875,33.86775207519531,42.14334487915039,43.58742141723633,36.82058334350586,48.26314926147461,40.86787033081055,41.9849967956543,40.57728958129883,33.81605529785156,46.237483978271484,39.10078811645508,41.44871520996094,39.305511474609375,33.36580276489258,43.80330276489258,38.54401397705078,39.73989486694336,45.27878189086914,55.68806076049805,46.87271499633789,40.32838439941406,35.961307525634766,39.37409591674805,38.6507568359375,42.183223724365234,45.923336029052734,36.3252067565918,45.612483978271484,34.34994125366211,43.49522018432617,39.181854248046875,36.54069137573242,47.013885498046875,36.988990783691406,40.192649841308594,41.68882751464844,35.62864685058594,41.13052749633789,39.29143142700195,43.150238037109375,43.81008529663086,37.55813217163086,45.33063888549805,36.485809326171875,37.80448913574219,38.89402389526367,28.603561401367188,44.01900100708008,37.4520149230957,39.09000015258789,41.08930206298828,39.52689743041992,43.9677848815918,36.95751953125,40.569095611572266,44.835906982421875,36.07020950317383,44.46218490600586,41.99335479736328,46.689754486083984,55.88056945800781,43.92558670043945,46.420963287353516,42.26616287231445,36.22837448120117,43.08633041381836,37.68645477294922,39.720436096191406,39.18259811401367,48.90117263793945,68.82160186767578,57.88372802734375,50.10328674316406,46.01516342163086,39.31187057495117,42.43027114868164,49.81087112426758,43.68464279174805,47.05086898803711,37.640098571777344,39.955360412597656],"cpu_utilization_percent":39.955360412597656,"deadline_policy":"stop-new-requests-then-drain-in-flight","drain_timeout_seconds":5,"failure_kind_counts":{},"host_arch":"x86_64","host_os":"macos","hot_set_size":null,"ingress_capacity":256,"ingress_depth_estimated_max":null,"ingress_depth_max":2,"max_micros":70847,"measurement_seconds":30,"metrics_sample_count":121,"metrics_scrape_failures":0,"metrics_scrape_successes":121,"outbox_lag":0,"p50_micros":14815,"p95_micros":35583,"p99_micros":48767,"profile_name":"baseline","projection_lag":0,"reject_rate":0.0,"ring_size":256,"ring_wait_p95_micros":0,"run_duration_seconds":30.032424858,"sample_failures":[],"scenario":"external-process-http","shard_count":8,"shard_depth_max":0,"throughput_per_second":424.6077384791371,"warmup_seconds":5,"workload_purpose":"success-throughput","workload_shape":"unique"}
