{"append_latency_p95_micros":0,"commands_failed":0,"commands_rejected":0,"commands_submitted":3221,"commands_succeeded":3221,"concurrency":8,"core_count":24,"cpu_brand":"Intel(R) Xeon(R) CPU           X5690  @ 3.47GHz","cpu_usage_samples":[3.439117431640625,13.185990333557129,11.854165077209473,11.932692527770996,12.409512519836426,18.94017219543457,15.118751525878906,11.467948913574219,12.527640342712402,11.611273765563965,11.814800262451172,13.2827730178833,12.722755432128906,11.317795753479004,13.410418510437012,11.83846664428711,12.879273414611816,12.376045227050781,14.562973976135254,11.650642395019531,11.303139686584473,11.84134578704834,11.723292350769043,11.375,12.854701042175293,10.755131721496582,11.840278625488281,10.41576099395752,12.265049934387207,14.38377857208252,19.140493392944336,17.055068969726562,14.607303619384766,13.577991485595703,13.30372142791748,11.152777671813965,11.961956024169922,11.011218070983887,12.5149564743042,10.97071361541748,12.902939796447754,11.566426277160645,12.21901798248291,11.614895820617676,12.29967975616455,11.639122009277344,11.195511817932129,11.374396324157715,13.765491485595703,11.069233894348145,11.918803215026855,12.320513725280762,12.255667686462402,11.08303165435791,13.077990531921387,12.382176399230957,13.672798156738281,13.720085144042969,11.378552436828613,12.838165283203125,30.990873336791992,13.277243614196777,11.281867027282715,11.662022590637207,14.335772514343262,14.208333015441895,12.710469245910645,11.243056297302246,12.602030754089355,10.649154663085938,11.827595710754395,11.932632446289062,13.582289695739746,12.11120319366455,11.643882751464844,11.037508964538574,14.724358558654785,18.456995010375977,13.597222328186035,11.848128318786621,12.808968544006348,26.4375,13.680556297302246,17.833635330200195,20.880224227905273,14.872586250305176,20.90972328186035,15.989177703857422,12.306090354919434,11.486274719238281,11.881945610046387,16.97222328186035,12.331521034240723,11.375,15.595620155334473,11.859299659729004,13.182319641113281,12.276756286621094,36.50374221801758,39.3289680480957,26.05028533935547,15.02534008026123,11.453085899353027,12.149016380310059,13.994658470153809,11.669987678527832,11.533211708068848,11.96560287475586,12.73023509979248,12.159724235534668,11.808760643005371,11.687058448791504,13.039551734924316,12.991710662841797,11.508545875549316,11.508942604064941,12.781819343566895,11.760684967041016,11.811291694641113,18.688570022583008,18.006038665771484],"cpu_utilization_percent":18.006038665771484,"deadline_policy":"stop-new-requests-then-drain-in-flight","drain_timeout_seconds":5,"host_arch":"x86_64","host_os":"macos","hot_set_size":null,"ingress_depth_estimated_max":null,"ingress_depth_max":1,"max_micros":95999,"measurement_seconds":30,"metrics_sample_count":121,"metrics_scrape_failures":0,"metrics_scrape_successes":121,"outbox_lag":0,"p50_micros":74559,"p95_micros":79423,"p99_micros":87807,"profile_name":"baseline","projection_lag":0,"reject_rate":0.0,"ring_wait_p95_micros":0,"run_duration_seconds":30.084111287,"scenario":"external-process-http","shard_depth_max":0,"throughput_per_second":107.0664833430484,"warmup_seconds":5,"workload_purpose":"success-throughput","workload_shape":"unique"}
