{"append_latency_p95_micros":0,"commands_failed":13401,"commands_rejected":0,"commands_submitted":13401,"commands_succeeded":0,"concurrency":16,"core_count":24,"cpu_brand":"Intel(R) Xeon(R) CPU           X5690  @ 3.47GHz","cpu_usage_samples":[3.4400017261505127,20.21051597595215,18.76228904724121,17.79473114013672,18.156375885009766,16.973127365112305,17.421497344970703,16.910930633544922,17.016908645629883,18.834007263183594,21.951622009277344,22.556089401245117,17.322114944458008,20.814790725708008,17.28739356994629,18.061594009399414,23.138887405395508,18.673612594604492,17.507944107055664,18.865291595458984,17.63888931274414,17.996074676513672,17.480072021484375,17.66743278503418,17.78005599975586,18.916667938232422,17.81303596496582,17.938127517700195,18.434064865112305,39.915714263916016,46.62479019165039,34.73808288574219,17.82114028930664,20.20345687866211,22.096153259277344,18.108997344970703,22.56846809387207,24.43250846862793,24.660791397094727,24.42658233642578,29.412389755249023,21.779891967773438,32.214046478271484,21.158979415893555,20.373397827148438,17.157609939575195,17.293943405151367,17.79914665222168,17.299516677856445,16.41383171081543,17.32880401611328,22.107810974121094,20.00113868713379,16.8061580657959,17.08967399597168,18.859994888305664,16.682832717895508,17.327991485595703,16.899805068969727,17.53472137451172,17.057064056396484,16.75529670715332,17.279451370239258,22.258316040039062,21.99944305419922,24.211631774902344,17.712745666503906,20.20067024230957,17.41545867919922,17.336841583251953,15.913948059082031,16.910024642944336,16.49900245666504,17.52559471130371,16.568538665771484,17.2246150970459,17.682064056396484,17.19521141052246,17.48000144958496,17.00120735168457,16.818817138671875],"cpu_utilization_percent":16.818817138671875,"deadline_policy":"stop-new-requests-then-drain-in-flight","drain_timeout_seconds":5,"host_arch":"x86_64","host_os":"macos","hot_set_size":null,"ingress_depth_estimated_max":null,"ingress_depth_max":1,"max_micros":119103,"measurement_seconds":20,"metrics_sample_count":81,"metrics_scrape_failures":0,"metrics_scrape_successes":81,"outbox_lag":0,"p50_micros":23471,"p95_micros":24927,"p99_micros":31615,"profile_name":"hot-key","projection_lag":0,"reject_rate":0.0,"ring_wait_p95_micros":0,"run_duration_seconds":20.022240584,"scenario":"external-process-http","shard_depth_max":0,"throughput_per_second":0.0,"warmup_seconds":3,"workload_purpose":"repeat-stream-diagnostic","workload_shape":"single-hot-key"}
