{"append_latency_p95_micros":0,"commands_failed":0,"commands_rejected":0,"commands_submitted":13339,"commands_succeeded":13339,"concurrency":8,"core_count":24,"cpu_brand":"Intel(R) Xeon(R) CPU           X5690  @ 3.47GHz","cpu_usage_samples":[3.4433603286743164,34.876007080078125,36.14381408691406,39.167198181152344,48.57682800292969,43.18373489379883,41.8312873840332,34.199974060058594,36.304439544677734,33.48490524291992,35.16636276245117,34.3577880859375,33.8447380065918,34.95078659057617,36.16880416870117,39.25899887084961,47.46023941040039,35.22275924682617,34.622745513916016,39.31584548950195,37.9307861328125,36.35140609741211,35.921730041503906,36.949832916259766,36.16628646850586,44.7330322265625,37.44015884399414,40.47236251831055,35.075801849365234,36.41313552856445,35.2272834777832,35.35200881958008,36.609596252441406,34.8799934387207,33.608699798583984,35.8327522277832,34.5837516784668,33.12130355834961,34.67323684692383,35.927364349365234,37.91290283203125,37.130367279052734,35.35664749145508,40.2488899230957,36.10628128051758,35.795345306396484,35.56440353393555,40.41658020019531,36.441959381103516,34.683597564697266,31.288650512695312,35.30971908569336,36.118106842041016,36.497676849365234,34.0389518737793,34.96255874633789,36.104557037353516,35.918174743652344,33.57866287231445,35.30490493774414,37.11943817138672,36.68910217285156,35.56672286987305,36.923702239990234,36.20608139038086,38.30948257446289,36.664039611816406,36.04249954223633,34.81156921386719,37.23662185668945,34.85683822631836,37.591670989990234,35.8289680480957,34.576988220214844,36.68366622924805,35.27046203613281,33.789974212646484,35.523921966552734,37.631595611572266,34.83164978027344,36.80652618408203,33.513980865478516,32.58786392211914,35.70341110229492,35.85319137573242,34.81092071533203,38.30910873413086,36.91400146484375,35.29545211791992,42.65278244018555,41.34381866455078,34.21581268310547,36.24965286254883,35.021297454833984,36.024784088134766,36.912742614746094,36.35400390625,37.500858306884766,42.02370834350586,38.73866653442383,43.54800796508789,42.955108642578125,45.730770111083984,49.53653335571289,40.20531463623047,38.788883209228516,39.997982025146484,38.450435638427734,39.03730010986328,35.30353546142578,38.49003601074219,35.009525299072266,35.53978729248047,35.24217224121094,35.59671401977539,36.74881362915039,37.935245513916016,42.579593658447266,37.46815490722656,36.40995407104492,35.908206939697266],"cpu_utilization_percent":35.908206939697266,"deadline_policy":"stop-new-requests-then-drain-in-flight","drain_timeout_seconds":5,"host_arch":"x86_64","host_os":"macos","hot_set_size":null,"ingress_depth_estimated_max":null,"ingress_depth_max":2,"max_micros":77119,"measurement_seconds":30,"metrics_sample_count":121,"metrics_scrape_failures":0,"metrics_scrape_successes":121,"outbox_lag":0,"p50_micros":13647,"p95_micros":33599,"p99_micros":45439,"profile_name":"baseline","projection_lag":0,"reject_rate":0.0,"ring_wait_p95_micros":0,"run_duration_seconds":30.039743852,"scenario":"external-process-http","shard_depth_max":0,"throughput_per_second":444.04506462234394,"warmup_seconds":5,"workload_purpose":"success-throughput","workload_shape":"unique"}
