{"append_latency_p95_micros":null,"commands_failed":0,"commands_rejected":0,"commands_submitted":13313,"commands_succeeded":13313,"concurrency":8,"core_count":24,"cpu_brand":"Intel(R) Xeon(R) CPU           X5690  @ 3.47GHz","cpu_usage_samples":[3.4053497314453125,31.84564208984375,34.585636138916016,40.32557678222656,41.09559631347656,41.06321716308594,43.12791061401367,36.42672348022461,36.85418701171875,34.59526824951172,42.936153411865234,39.16924285888672,37.29533767700195,37.346107482910156,34.272274017333984,33.516300201416016,32.80021286010742,34.58902359008789,34.82216262817383,37.133384704589844,37.51444625854492,37.130062103271484,35.468597412109375,34.6887321472168,35.72993087768555,42.726009368896484,48.71392822265625,49.48750686645508,34.34590148925781,36.38248062133789,36.091880798339844,34.15324020385742,37.04050827026367,37.64334487915039,34.883548736572266,35.40519332885742,35.08144760131836,37.307064056396484,37.45164489746094,43.53581619262695,52.378108978271484,40.734554290771484,39.0551872253418,46.313663482666016,39.58077621459961,41.42839431762695,35.50197219848633,35.96702194213867,37.5512580871582,38.08920669555664,31.395925521850586,32.86533737182617,37.18742752075195,36.482810974121094,34.270599365234375,38.131038665771484,36.08403015136719,36.1887321472168,40.26814270019531,31.39583396911621,37.64395523071289,35.96345138549805,37.84423065185547,34.71945571899414,37.550724029541016,34.46959686279297,35.915992736816406,35.009525299072266,35.693397521972656,34.94925308227539,37.40505599975586,34.78188705444336,36.66978073120117,34.86589431762695,43.49663162231445,37.995662689208984,34.737178802490234,38.96657943725586,39.244564056396484,39.39311599731445,38.061527252197266,39.65089797973633,35.168521881103516,32.86471176147461,34.23237991333008,35.9348258972168,36.75552749633789,35.37154006958008,36.29798126220703,44.566097259521484,52.63514709472656,44.842620849609375,40.92770004272461,36.62311935424805,45.952545166015625,55.849849700927734,36.54436111450195,38.361019134521484,36.149410247802734,38.886653900146484,35.617332458496094,38.99668502807617,34.24589538574219,34.29665756225586,34.76865005493164,35.835445404052734,34.61576461791992,35.55420684814453,34.767581939697266,36.19892501831055,36.86821746826172,35.050514221191406,33.94641876220703,38.5674934387207,41.68747329711914,35.015628814697266,35.61050796508789,36.05344009399414,36.72245407104492,34.82836151123047,33.656402587890625],"cpu_utilization_percent":33.656402587890625,"deadline_policy":"stop-new-requests-then-drain-in-flight","drain_timeout_seconds":5,"host_arch":"x86_64","host_os":"macos","hot_set_size":null,"ingress_depth_estimated_max":8,"ingress_depth_max":null,"max_micros":68543,"measurement_seconds":30,"metrics_sample_count":121,"metrics_scrape_failures":121,"metrics_scrape_successes":0,"outbox_lag":null,"p50_micros":13943,"p95_micros":33471,"p99_micros":45567,"profile_name":"baseline","projection_lag":null,"reject_rate":0.0,"ring_wait_p95_micros":null,"run_duration_seconds":30.06998513,"scenario":"external-process-http","shard_depth_max":null,"throughput_per_second":442.73384048726996,"warmup_seconds":5,"workload_purpose":"success-throughput","workload_shape":"unique"}
