{"append_latency_p95_micros":0,"commands_failed":0,"commands_rejected":0,"commands_submitted":3198,"commands_succeeded":3198,"concurrency":8,"core_count":24,"cpu_brand":"Intel(R) Xeon(R) CPU           X5690  @ 3.47GHz","cpu_usage_samples":[3.443086624145508,12.898505210876465,11.8079252243042,12.478121757507324,15.836237907409668,14.603584289550781,12.800213813781738,14.103121757507324,26.35105323791504,14.496933937072754,11.729863166809082,11.066123962402344,13.191936492919922,11.88888931274414,11.367754936218262,11.83630657196045,11.116545677185059,11.750164031982422,11.939194679260254,11.997235298156738,15.903358459472656,14.814007759094238,11.527778625488281,11.741104125976562,11.448416709899902,11.847221374511719,11.567656517028809,15.514122009277344,12.644625663757324,11.5718355178833,10.613224983215332,12.316239356994629,10.894927978515625,10.887982368469238,11.854701042175293,12.219504356384277,13.48476505279541,11.938568115234375,11.91455364227295,17.367753982543945,20.671358108520508,26.13204002380371,12.128646850585938,11.582149505615234,14.244357109069824,12.149687767028809,12.61111068725586,12.08182430267334,39.94658279418945,35.4305534362793,21.769556045532227,11.672589302062988,12.51816177368164,10.902173042297363,11.962096214294434,12.157538414001465,11.3125,18.03739356994629,19.518720626831055,16.744495391845703,13.264957427978516,11.484970092773438,12.25,11.312500953674316,11.543292999267578,11.504645347595215,12.009174346923828,11.745308876037598,11.934781074523926,11.827689170837402,11.513888359069824,12.73046588897705,11.721177101135254,13.601496696472168,16.438405990600586,12.707077980041504,12.654288291931152,14.29693603515625,11.361343383789062,11.76358699798584,11.689038276672363,13.407196998596191,11.887681007385254,11.696581840515137,13.103632926940918,13.749093055725098,11.702155113220215,12.257039070129395,11.37576675415039,12.777777671813965,12.13912296295166,13.020833015441895,11.844970703125,12.291666984558105,11.671195983886719,11.537440299987793,11.151871681213379,11.795406341552734,16.03325843811035,14.244124412536621,11.6609525680542,11.976402282714844,12.72616958618164,14.197348594665527,12.047102928161621,11.806461334228516,11.180277824401855,12.566239356994629,11.212422370910645,11.66622543334961,12.154706001281738,22.0881404876709,23.39250946044922,21.83393669128418,19.054487228393555,18.9893856048584,15.786323547363281,14.446883201599121,12.325484275817871,13.504807472229004,13.229329109191895],"cpu_utilization_percent":13.229329109191895,"deadline_policy":"stop-new-requests-then-drain-in-flight","drain_timeout_seconds":5,"host_arch":"x86_64","host_os":"macos","hot_set_size":null,"ingress_depth_estimated_max":null,"ingress_depth_max":1,"max_micros":95807,"measurement_seconds":30,"metrics_sample_count":121,"metrics_scrape_failures":0,"metrics_scrape_successes":121,"outbox_lag":0,"p50_micros":75199,"p95_micros":78847,"p99_micros":87679,"profile_name":"baseline","projection_lag":0,"reject_rate":0.0,"ring_wait_p95_micros":0,"run_duration_seconds":30.070557367,"scenario":"external-process-http","shard_depth_max":0,"throughput_per_second":106.34987442931623,"warmup_seconds":5,"workload_purpose":"success-throughput","workload_shape":"unique"}
