{"append_latency_observed":false,"append_latency_p95_micros":null,"append_latency_sample_count_delta":12741,"append_latency_unavailable_reason":"missing_histogram_count","commands_failed":0,"commands_rejected":0,"commands_submitted":12748,"commands_succeeded":12748,"concurrency":8,"core_count":24,"cpu_brand":"Intel(R) Xeon(R) CPU           X5690  @ 3.47GHz","cpu_usage_samples":[3.504992723464966,40.56825637817383,46.02748107910156,37.6362190246582,46.190826416015625,41.914710998535156,44.0906867980957,42.94635009765625,34.12086868286133,44.44077682495117,46.02522277832031,36.08428955078125,42.57575988769531,36.22073745727539,39.291900634765625,38.45027160644531,38.35567855834961,41.28293228149414,34.07716751098633,41.55715560913086,41.822444915771484,40.558204650878906,45.33665466308594,36.614688873291016,41.86891555786133,39.152732849121094,36.83024215698242,43.1428108215332,37.99412536621094,40.61262130737305,46.652339935302734,35.69822692871094,60.57490921020508,58.0407600402832,61.72477722167969,57.016605377197266,38.675724029541016,44.4282112121582,36.206382751464844,38.61617660522461,39.34000015258789,37.21177291870117,67.64949798583984,59.708465576171875,38.33635330200195,42.32843017578125,42.18020248413086,35.87441635131836,45.360416412353516,34.111576080322266,41.91213607788086,43.98824691772461,37.45415115356445,43.090579986572266,34.716041564941406,39.24412155151367,52.96500778198242,38.30739212036133,44.6462287902832,38.078731536865234,39.5775260925293,42.70975875854492,33.94997024536133,40.27840805053711,44.16337203979492,39.2922248840332,43.487945556640625,34.49345016479492,46.15803146362305,35.056556701660156,40.730628967285156,44.521114349365234,38.739322662353516,40.200923919677734,41.95900344848633,34.71966552734375,45.880550384521484,36.14418411254883,38.03964614868164,41.47103500366211,37.04545593261719,45.50801467895508,37.23469924926758,39.619564056396484,40.36921310424805,32.95417404174805,44.11308288574219,30.25469207763672,38.66538619995117,43.16689682006836,41.18508529663086,50.62125778198242,43.16276550292969,38.90468215942383,40.723480224609375,37.54153060913086,46.57048416137695,39.002113342285156,40.276058197021484,50.7277717590332,41.32466506958008,48.62453842163086,46.01337814331055,40.46091079711914,43.85855484008789,35.825416564941406,41.05820083618164,38.6696662902832,36.134437561035156,44.45840835571289,36.599891662597656,40.21173095703125,40.38347625732422,34.065216064453125,45.931880950927734,38.6252555847168,37.57559585571289,41.439430236816406,36.619659423828125,49.0703010559082,38.71023941040039],"cpu_utilization_percent":38.71023941040039,"deadline_policy":"stop-new-requests-then-drain-in-flight","drain_timeout_seconds":5,"failure_kind_counts":{},"host_arch":"x86_64","host_os":"macos","hot_set_size":null,"ingress_capacity":256,"ingress_depth_estimated_max":null,"ingress_depth_max":5,"max_micros":82687,"measurement_seconds":30,"metrics_sample_count":121,"metrics_scrape_failures":0,"metrics_scrape_successes":121,"outbox_lag":0,"p50_micros":14823,"p95_micros":35583,"p99_micros":49055,"profile_name":"baseline","projection_lag":0,"reject_rate":0.0,"ring_size":256,"ring_wait_p95_micros":0,"run_duration_seconds":30.034590603,"sample_failures":[],"scenario":"external-process-http","shard_count":8,"shard_depth_max":0,"throughput_per_second":424.4439409381085,"warmup_seconds":5,"workload_purpose":"success-throughput","workload_shape":"unique"}
